millis,iso_utc,display_altitude_ft,raw_altitude_ft,vario_mps,temp_f,humidity_pct,gps_fix,latitude,longitude,gps_altitude_m,gps_speed_kmph,gps_sats_used,gps_sats_seen,gps_hdop,battery_voltage,battery_percent,pitch_deg,roll_deg,g_force
591566,2026-07-02T19:35:09Z,17.05,-64.81,-0.03,89.8,46.3,1,26.811794,-80.256941,19.80,74.91,12,1,0.82,4.11,91,8.0,10.5,1.04
596570,2026-07-02T19:35:14Z,16.98,-64.82,-0.01,89.8,46.6,1,26.811775,-80.255875,20.90,76.62,12,1,0.84,4.10,90,17.4,2.9,1.00
601608,2026-07-02T19:35:19Z,23.56,-56.25,1.49,89.9,45.7,1,26.811764,-80.254811,21.70,75.65,11,2,0.85,4.10,90,18.9,-0.5,0.92
606608,2026-07-02T19:35:24Z,24.92,-57.06,-0.10,90.0,45.2,1,26.811741,-80.253756,21.40,76.19,11,2,0.89,4.10,90,20.7,1.4,0.92
611608,2026-07-02T19:35:29Z,27.31,-54.52,0.06,89.9,44.4,1,26.811714,-80.252661,21.20,79.90,12,9,0.81,4.10,90,18.1,5.8,1.03
616608,2026-07-02T19:35:34Z,27.02,-55.06,-0.23,90.0,43.4,1,26.811696,-80.251545,21.20,80.54,12,9,0.74,4.10,90,16.4,3.1,0.90
621637,2026-07-02T19:35:39Z,27.48,-53.41,0.31,89.9,42.1,1,26.811695,-80.250413,21.90,81.69,11,9,0.89,4.09,89,20.1,2.7,0.88
626657,2026-07-02T19:35:44Z,28.54,-53.26,0.05,89.8,40.6,1,26.811686,-80.249251,22.70,80.84,12,5,0.89,4.10,90,16.6,4.5,1.12
631667,2026-07-02T19:35:49Z,25.80,-56.00,-0.01,89.8,39.9,1,26.811690,-80.248139,24.30,77.82,11,1,0.89,4.10,90,15.5,5.8,0.91
636677,2026-07-02T19:35:54Z,24.69,-57.34,-0.05,89.7,39.2,1,26.811678,-80.247072,24.40,75.10,12,1,0.83,4.10,90,15.6,5.9,0.93
641685,2026-07-02T19:35:59Z,26.21,-55.51,0.04,89.7,38.7,1,26.811662,-80.246022,24.10,76.08,12,5,0.83,4.10,90,18.9,6.6,0.90
646702,2026-07-02T19:36:04Z,28.61,-53.62,-0.06,89.7,37.6,1,26.811646,-80.244961,22.50,75.89,12,5,0.99,4.10,90,14.0,5.5,1.12
651732,2026-07-02T19:36:09Z,25.82,-55.68,0.09,89.5,36.7,1,26.811666,-80.243920,23.30,75.65,12,9,0.88,4.10,90,15.0,5.8,1.12
656742,2026-07-02T19:36:14Z,25.09,-56.32,0.15,89.4,36.1,1,26.811699,-80.242889,25.60,71.06,12,9,0.76,4.10,90,11.1,7.6,1.09
661757,2026-07-02T19:36:19Z,29.35,-52.30,0.59,89.3,36.1,1,26.811750,-80.241893,26.50,71.67,12,9,0.73,4.08,88,18.9,4.3,0.94
666790,2026-07-02T19:36:24Z,28.72,-52.21,0.48,89.3,35.8,1,26.811791,-80.240856,26.80,75.75,12,9,0.80,4.10,90,17.9,6.2,0.99
671792,2026-07-02T19:36:29Z,28.30,-53.17,0.26,89.2,35.4,1,26.811836,-80.239788,27.00,74.51,12,9,0.71,4.10,90,14.2,4.8,0.95
676818,2026-07-02T19:36:34Z,26.14,-55.85,-0.25,89.1,35.4,1,26.811859,-80.238775,27.40,69.52,12,9,0.74,4.10,90,9.9,6.6,1.02
681855,2026-07-02T19:36:39Z,17.74,-64.51,-0.54,89.0,35.7,1,26.811876,-80.237977,27.70,37.93,12,9,0.71,4.10,90,-0.4,-1.6,1.04
686886,2026-07-02T19:36:44Z,13.78,-68.06,-0.04,88.9,37.0,1,26.811884,-80.237747,26.40,0.24,12,9,0.71,4.10,90,6.2,5.4,0.98
691910,2026-07-02T19:36:49Z,13.55,-68.22,0.02,88.9,37.0,1,26.811881,-80.237743,26.00,0.22,12,9,0.71,4.10,90,10.6,4.1,0.99
696910,2026-07-02T19:36:54Z,13.81,-67.94,0.04,88.9,36.2,1,26.811880,-80.237739,25.40,0.04,12,9,0.71,4.10,90,11.9,5.9,1.03
701910,2026-07-02T19:36:59Z,13.89,-67.90,-0.01,88.9,36.8,1,26.811877,-80.237737,25.70,0.48,12,9,0.76,4.09,89,11.4,3.4,1.00
706910,2026-07-02T19:37:04Z,14.24,-67.47,0.05,89.0,36.8,1,26.811876,-80.237734,25.60,0.37,12,1,0.76,4.10,90,12.3,3.7,1.04
711911,2026-07-02T19:37:09Z,14.58,-67.37,0.02,88.9,36.8,1,26.811879,-80.237731,24.70,2.93,12,9,0.75,4.09,89,17.1,-1.2,1.11
716917,2026-07-02T19:37:14Z,13.89,-67.92,-0.02,88.8,34.8,1,26.811878,-80.237731,24.30,0.07,12,9,0.73,4.10,90,16.7,8.9,1.03
721918,2026-07-02T19:37:19Z,13.73,-68.08,-0.01,88.8,34.1,1,26.811880,-80.237732,25.20,0.15,12,9,0.78,4.10,90,16.5,8.6,1.06
726918,2026-07-02T19:37:24Z,14.13,-67.66,0.01,88.7,33.9,1,26.811883,-80.237733,25.10,0.07,12,9,0.72,4.10,90,16.9,9.1,0.99
731920,2026-07-02T19:37:29Z,13.94,-67.81,0.02,88.6,33.7,1,26.811884,-80.237733,24.50,0.22,12,9,0.85,4.10,90,16.8,9.0,1.05
736920,2026-07-02T19:37:34Z,14.38,-67.52,-0.03,88.6,33.7,1,26.811886,-80.237733,24.20,0.33,12,9,0.89,4.09,89,16.6,8.5,1.02
741921,2026-07-02T19:37:39Z,17.15,-64.36,0.30,88.4,33.6,1,26.811897,-80.237584,22.80,29.22,12,9,0.71,4.09,89,26.0,-7.3,0.99
746931,2026-07-02T19:37:45Z,22.87,-58.66,0.36,88.2,33.7,1,26.811929,-80.236985,21.70,53.58,12,9,0.75,4.10,90,17.4,-5.0,1.01
751942,2026-07-02T19:37:50Z,29.50,-51.71,0.64,88.0,33.1,1,26.811965,-80.236105,20.90,71.71,12,9,0.73,4.08,88,18.0,-4.3,1.04
756942,2026-07-02T19:37:55Z,32.06,-50.25,-0.51,87.8,32.5,1,26.812016,-80.235014,20.70,81.71,12,9,0.69,4.10,90,16.4,-1.9,1.02
761942,2026-07-02T19:38:00Z,32.17,-48.28,0.28,87.7,32.6,1,26.812065,-80.233871,20.70,81.77,12,9,0.73,4.09,89,14.8,-1.6,1.09
766942,2026-07-02T19:38:05Z,32.76,-48.77,0.28,87.6,33.0,1,26.812126,-80.232704,20.40,85.43,12,9,0.74,4.09,89,15.8,-3.7,0.96
771954,2026-07-02T19:38:10Z,36.09,-46.38,-0.70,87.4,33.1,1,26.812190,-80.231493,19.90,88.97,12,9,0.75,4.08,88,14.1,-4.0,1.08
776957,2026-07-02T19:38:15Z,37.43,-43.85,0.23,87.2,33.0,1,26.812222,-80.230216,19.90,92.90,12,9,0.69,4.10,90,15.6,-0.3,0.94
781980,2026-07-02T19:38:20Z,38.11,-43.80,-0.64,87.2,33.3,1,26.812249,-80.228884,19.60,94.77,12,9,0.74,4.09,89,10.2,-2.1,1.07
786980,2026-07-02T19:38:25Z,35.59,-46.32,-0.33,87.1,33.4,1,26.812225,-80.227534,19.50,93.67,12,9,0.76,4.07,87,14.0,-2.8,1.02
791981,2026-07-02T19:38:30Z,33.27,-48.82,-0.13,87.0,32.9,1,26.812176,-80.226227,19.30,93.64,12,9,0.68,4.09,89,12.0,-2.6,1.10
796991,2026-07-02T19:38:35Z,33.74,-47.69,-0.06,86.9,33.1,1,26.812123,-80.224938,20.20,90.27,12,10,0.68,4.10,90,12.2,-0.5,0.92
802003,2026-07-02T19:38:40Z,30.74,-50.88,-0.26,86.7,33.0,1,26.812077,-80.223726,19.70,84.32,12,10,0.73,4.09,89,11.3,0.2,0.81
807012,2026-07-02T19:38:45Z,30.15,-51.97,-0.35,86.7,32.5,1,26.812039,-80.222567,20.00,84.41,12,5,0.73,4.10,90,16.0,-2.7,0.97
812012,2026-07-02T19:38:50Z,32.99,-48.96,0.06,86.6,33.0,1,26.812002,-80.221362,19.60,86.36,12,10,0.97,4.09,89,14.6,-2.2,0.99
817012,2026-07-02T19:38:55Z,31.46,-50.38,0.03,86.5,33.2,1,26.811971,-80.220152,19.10,86.34,12,10,0.77,4.11,91,12.9,-1.7,1.13
822019,2026-07-02T19:39:00Z,33.49,-48.51,-0.22,86.4,32.8,1,26.811940,-80.218932,18.50,88.84,12,10,0.73,4.10,90,15.5,-2.1,0.93
827032,2026-07-02T19:39:05Z,32.12,-50.10,-0.18,86.1,33.1,1,26.811918,-80.217695,18.90,88.23,12,10,0.73,3.89,69,13.8,-2.1,0.84
832044,2026-07-02T19:39:10Z,32.78,-48.79,0.13,86.0,33.2,1,26.811893,-80.216463,18.80,87.51,12,10,0.74,4.09,89,13.3,-5.3,0.97
837056,2026-07-02T19:39:15Z,30.29,-52.37,-0.07,86.0,32.9,1,26.811869,-80.215257,18.80,85.62,12,10,0.73,4.10,90,11.3,-2.3,1.19
842063,2026-07-02T19:39:20Z,31.67,-50.57,-0.38,85.8,33.2,1,26.811843,-80.214073,19.10,83.91,12,5,0.83,4.10,90,14.6,-0.6,0.85
847068,2026-07-02T19:39:25Z,28.89,-53.08,-0.41,85.8,33.5,1,26.811815,-80.212903,18.90,83.49,12,10,0.83,4.10,90,12.1,-2.7,0.93
852087,2026-07-02T19:39:30Z,27.21,-54.72,-0.42,85.7,33.0,1,26.811783,-80.211695,18.20,85.84,12,10,0.81,4.10,90,13.4,-4.6,1.20
857087,2026-07-02T19:39:35Z,28.69,-53.67,-0.39,85.8,33.0,1,26.811754,-80.210496,18.70,85.21,12,10,0.68,4.09,89,14.6,-0.6,0.87
862088,2026-07-02T19:39:40Z,28.73,-52.15,0.10,85.9,33.6,1,26.811733,-80.209343,18.40,77.30,12,9,0.73,4.10,90,24.7,18.2,0.89
867101,2026-07-02T19:39:45Z,25.03,-55.89,0.26,86.0,35.0,1,26.811708,-80.208272,18.00,73.52,12,5,0.75,4.10,90,8.2,6.2,1.04
872111,2026-07-02T19:39:50Z,23.69,-58.63,-0.23,86.1,34.9,1,26.811696,-80.207286,18.60,65.15,12,2,0.75,4.09,89,8.5,10.6,1.12
877121,2026-07-02T19:39:55Z,17.84,-64.33,-0.56,86.0,33.2,1,26.811672,-80.206457,19.20,49.69,12,7,0.74,4.10,90,5.1,3.9,0.95
882125,2026-07-02T19:40:00Z,10.44,-71.58,-0.35,86.0,32.8,1,26.811658,-80.205940,19.70,23.39,12,5,0.74,4.10,90,4.0,4.3,1.09
887131,2026-07-02T19:40:05Z,10.09,-71.45,0.11,86.0,32.4,1,26.811648,-80.205673,20.30,21.82,12,5,0.71,4.10,90,20.2,12.5,1.07
892131,2026-07-02T19:40:10Z,13.59,-67.79,0.25,85.8,32.9,1,26.811637,-80.205216,20.40,42.48,12,7,0.78,4.09,89,18.8,7.3,0.95
897143,2026-07-02T19:40:15Z,17.61,-64.18,0.14,85.8,33.3,1,26.811615,-80.204468,19.90,61.91,12,5,0.84,4.10,90,15.9,8.2,1.11
902144,2026-07-02T19:40:20Z,23.06,-58.93,-0.07,85.9,32.8,1,26.811600,-80.203503,19.90,73.64,12,9,0.81,4.10,90,14.1,1.9,0.88
907157,2026-07-02T19:40:25Z,20.80,-60.94,-0.15,85.8,32.4,1,26.811579,-80.202477,19.40,70.65,12,9,0.75,4.09,89,8.8,4.8,1.06
912157,2026-07-02T19:40:30Z,20.24,-61.60,0.09,85.7,32.5,1,26.811548,-80.201551,19.50,62.60,12,9,0.77,4.09,89,6.4,3.2,0.93
917157,2026-07-02T19:40:35Z,15.02,-67.65,-0.89,85.6,32.6,1,26.811529,-80.200789,19.70,44.08,12,5,0.83,4.09,89,4.5,3.2,0.94
922172,2026-07-02T19:40:40Z,10.97,-70.81,-0.05,85.5,32.2,1,26.811471,-80.200373,19.30,21.52,12,5,0.71,4.09,89,12.1,-9.5,1.09
927172,2026-07-02T19:40:45Z,10.38,-71.67,-0.14,85.6,32.7,1,26.811220,-80.200320,18.50,19.37,12,5,0.71,4.08,88,11.3,4.2,0.99
932177,2026-07-02T19:40:50Z,9.77,-71.88,0.05,85.6,32.7,1,26.810929,-80.200297,18.80,26.21,12,5,0.85,4.09,89,3.7,20.2,1.01
937184,2026-07-02T19:40:55Z,10.25,-71.69,0.04,85.6,32.4,1,26.810843,-80.200033,18.70,17.71,12,5,0.90,4.10,90,6.6,1.5,1.00
942184,2026-07-02T19:41:00Z,9.36,-72.43,-0.08,85.5,32.4,1,26.810757,-80.199923,19.10,10.85,12,5,0.71,4.10,90,11.5,0.9,1.07
947188,2026-07-02T19:41:05Z,9.79,-71.99,-0.01,85.5,32.0,1,26.810680,-80.199883,18.90,7.33,12,6,0.67,4.10,90,11.3,2.0,0.99
952188,2026-07-02T19:41:10Z,9.41,-72.33,0.02,85.5,31.9,1,26.810678,-80.199858,18.70,0.43,12,6,0.67,4.09,89,12.3,1.8,0.99
957192,2026-07-02T19:41:15Z,9.75,-72.01,0.02,85.5,32.4,1,26.810676,-80.199859,18.60,0.35,12,1,0.76,4.10,90,9.1,1.3,1.03
962201,2026-07-02T19:41:20Z,10.20,-71.64,-0.07,85.5,32.7,1,26.810671,-80.199858,18.40,0.67,12,8,0.75,4.09,89,9.4,1.1,1.00
967208,2026-07-02T19:41:25Z,7.10,-71.99,0.72,85.5,34.5,1,26.810669,-80.199858,18.20,0.26,12,6,0.81,4.10,90,10.6,1.1,0.99
972217,2026-07-02T19:41:30Z,9.82,-71.97,-0.00,85.5,34.6,1,26.810667,-80.199855,17.80,0.57,12,6,0.85,4.10,90,9.5,1.7,1.02
977229,2026-07-02T19:41:35Z,9.77,-71.94,0.01,85.5,34.7,1,26.810665,-80.199853,17.70,0.06,12,6,0.76,4.09,89,9.7,1.6,1.03
982233,2026-07-02T19:41:40Z,10.02,-71.77,0.00,85.6,35.1,1,26.810663,-80.199850,18.00,0.30,12,2,0.75,4.10,90,9.6,1.6,1.00
987237,2026-07-02T19:41:45Z,9.95,-71.83,-0.00,85.6,36.0,1,26.810661,-80.199849,17.60,0.24,12,2,0.76,4.09,89,9.4,1.8,1.02
992244,2026-07-02T19:41:50Z,10.05,-71.74,-0.01,85.7,36.6,1,26.810659,-80.199848,17.50,0.13,12,6,0.79,4.09,89,9.5,1.8,1.00
997258,2026-07-02T19:41:55Z,9.96,-71.84,-0.00,85.7,36.8,1,26.810657,-80.199846,17.80,0.41,12,6,0.83,4.10,90,9.6,1.7,1.01
1002267,2026-07-02T19:42:00Z,9.95,-71.83,0.01,85.8,36.9,1,26.810655,-80.199844,17.90,0.24,12,2,0.73,4.10,90,9.8,1.7,0.98
1007274,2026-07-02T19:42:05Z,9.91,-71.87,0.00,85.8,37.1,1,26.810655,-80.199843,18.10,0.09,12,2,0.83,4.10,90,10.9,1.9,1.05
1012277,2026-07-02T19:42:10Z,9.82,-71.96,-0.01,85.9,38.0,1,26.810655,-80.199841,18.50,0.17,12,1,0.76,4.09,89,9.6,1.7,1.01
1017284,2026-07-02T19:42:15Z,9.92,-71.87,0.00,85.9,38.1,1,26.810655,-80.199839,18.80,0.19,12,1,0.84,4.09,89,9.6,1.7,1.01
1022289,2026-07-02T19:42:20Z,9.73,-72.05,-0.00,85.9,38.4,1,26.810654,-80.199838,18.70,0.17,12,1,0.74,4.09,89,9.6,1.7,1.01
1027301,2026-07-02T19:42:25Z,9.52,-72.29,-0.03,86.0,38.4,1,26.810654,-80.199836,19.10,0.26,12,11,0.80,4.08,88,9.6,1.7,1.01
1032301,2026-07-02T19:42:30Z,9.29,-72.49,0.00,86.1,38.4,1,26.810654,-80.199834,19.80,0.24,12,1,0.83,4.10,90,9.6,1.7,1.01
1037305,2026-07-02T19:42:35Z,9.48,-72.34,-0.00,86.2,38.5,1,26.810654,-80.199833,21.10,0.24,12,11,0.84,4.09,89,9.6,1.7,1.01
1042307,2026-07-02T19:42:40Z,9.35,-72.38,0.00,86.3,38.6,1,26.810654,-80.199835,21.70,0.22,12,6,0.74,4.08,88,9.6,1.7,1.01
1047323,2026-07-02T19:42:45Z,9.26,-72.54,-0.02,86.4,38.3,1,26.810655,-80.199838,21.90,0.24,12,6,0.68,4.09,89,9.6,1.6,1.01
1052337,2026-07-02T19:42:50Z,9.06,-72.71,-0.01,86.4,38.2,1,26.810657,-80.199839,22.60,0.44,12,6,0.68,4.09,89,9.5,1.7,1.01
1057342,2026-07-02T19:42:55Z,9.08,-72.66,0.02,86.4,38.3,1,26.810658,-80.199838,23.10,0.04,12,6,0.68,4.09,89,9.6,1.7,1.01
1062350,2026-07-02T19:43:00Z,9.32,-72.45,0.01,86.5,38.3,1,26.810660,-80.199838,24.10,0.06,12,6,0.76,4.09,89,9.6,1.7,1.01
1067359,2026-07-02T19:43:05Z,9.23,-72.56,-0.02,86.6,38.4,1,26.810661,-80.199836,24.90,0.28,12,6,0.81,4.08,88,9.5,1.6,1.01
1072363,2026-07-02T19:43:10Z,9.17,-72.64,-0.01,86.7,38.5,1,26.810662,-80.199835,25.00,0.19,12,6,0.83,4.09,89,9.7,1.7,1.01
1077376,2026-07-02T19:43:15Z,8.92,-72.87,-0.02,86.8,38.7,1,26.810661,-80.199833,25.10,0.41,12,6,0.91,4.08,88,9.6,1.7,1.01
1082377,2026-07-02T19:43:20Z,9.18,-72.58,0.02,86.8,38.8,1,26.810659,-80.199831,25.00,0.15,12,6,0.83,4.09,89,9.5,1.7,1.01
1087389,2026-07-02T19:43:25Z,9.32,-72.45,0.00,86.9,38.9,1,26.810659,-80.199830,25.20,0.11,12,6,0.91,4.09,89,9.5,1.7,1.01
1092389,2026-07-02T19:43:30Z,9.36,-72.44,-0.00,86.9,39.0,1,26.810658,-80.199829,24.90,0.33,12,6,0.89,4.09,89,9.6,1.7,1.01
1097401,2026-07-02T19:43:35Z,9.39,-72.37,0.00,87.0,39.1,1,26.810657,-80.199829,23.90,0.22,12,10,0.79,4.09,89,9.6,1.7,1.01
1102410,2026-07-02T19:43:40Z,9.30,-72.48,-0.01,87.1,39.1,1,26.810657,-80.199830,23.10,0.02,12,3,0.79,4.08,88,9.6,1.7,1.01
1107413,2026-07-02T19:43:45Z,9.21,-72.57,-0.01,87.2,39.1,1,26.810658,-80.199832,22.40,0.20,12,11,0.77,4.09,89,9.6,1.7,1.01
1112428,2026-07-02T19:43:50Z,9.17,-72.63,-0.02,87.3,39.3,1,26.810660,-80.199832,22.50,0.20,12,6,0.72,4.09,89,9.6,1.7,1.01
1117441,2026-07-02T19:43:55Z,8.94,-72.87,-0.00,87.3,39.4,1,26.810662,-80.199833,22.80,0.33,12,6,0.72,4.09,89,9.6,1.7,1.01
1122456,2026-07-02T19:44:00Z,9.04,-72.75,0.00,87.4,39.5,1,26.810666,-80.199833,23.30,0.09,12,6,0.69,4.08,88,9.6,1.7,1.01
1127467,2026-07-02T19:44:05Z,9.31,-72.50,0.01,87.5,39.6,1,26.810667,-80.199831,23.60,0.26,12,3,0.85,4.08,88,9.6,1.7,1.01
1132474,2026-07-02T19:44:10Z,9.01,-72.80,-0.02,87.6,39.7,1,26.810665,-80.199832,22.40,0.04,12,4,0.79,4.09,89,9.6,1.7,1.01
1137483,2026-07-02T19:44:15Z,9.03,-72.77,0.01,87.6,39.7,1,26.810662,-80.199831,22.50,0.11,12,4,1.00,4.10,90,9.5,1.7,1.01
1142503,2026-07-02T19:44:20Z,8.96,-72.86,-0.01,87.7,39.8,1,26.810661,-80.199831,22.60,0.19,12,10,0.82,4.09,89,9.5,1.7,1.01
1147511,2026-07-02T19:44:25Z,8.86,-72.92,-0.03,87.8,39.9,1,26.810666,-80.199828,23.00,0.48,12,10,0.73,4.09,89,9.4,1.7,1.01
1152523,2026-07-02T19:44:30Z,9.05,-72.67,0.05,87.8,39.9,1,26.810670,-80.199828,25.20,0.15,12,5,0.81,4.08,88,9.6,1.7,1.01
1157539,2026-07-02T19:44:35Z,9.01,-72.82,-0.04,87.9,40.0,1,26.810671,-80.199827,26.40,0.17,12,5,0.78,4.08,88,9.6,1.7,1.01
1162547,2026-07-02T19:44:40Z,8.61,-73.18,-0.01,88.0,40.1,1,26.810669,-80.199826,26.80,0.15,12,5,0.86,4.09,89,9.4,1.7,1.01
1167559,2026-07-02T19:44:45Z,8.54,-73.11,0.09,88.1,40.2,1,26.810665,-80.199822,27.50,0.09,12,5,0.92,4.10,90,9.6,1.7,1.01
1172573,2026-07-02T19:44:50Z,8.85,-72.95,-0.01,88.1,40.2,1,26.810662,-80.199822,27.40,0.00,12,6,0.92,4.09,89,9.6,1.7,1.01
1177576,2026-07-02T19:44:55Z,8.62,-73.18,-0.02,88.2,40.3,1,26.810659,-80.199822,27.40,0.06,12,6,0.86,4.09,89,9.6,1.7,1.01
1182583,2026-07-02T19:45:00Z,8.13,-73.66,-0.01,88.3,40.4,1,26.810657,-80.199822,27.80,0.15,12,5,0.91,4.08,88,9.5,1.7,1.01
1187596,2026-07-02T19:45:05Z,8.73,-73.06,-0.01,88.3,40.4,1,26.810655,-80.199820,27.90,0.19,12,5,0.76,4.09,89,9.6,1.7,1.01
1192610,2026-07-02T19:45:10Z,8.56,-73.22,-0.01,88.5,40.6,1,26.810657,-80.199826,26.90,0.20,12,10,0.83,4.09,89,9.5,1.7,1.01
1197626,2026-07-02T19:45:15Z,8.52,-73.25,-0.00,88.6,40.6,1,26.810656,-80.199827,25.90,0.11,12,6,0.90,4.10,90,9.6,1.7,1.01
1202636,2026-07-02T19:45:20Z,8.38,-73.40,-0.00,88.6,40.6,1,26.810655,-80.199828,25.70,0.11,12,6,0.77,4.09,89,9.6,1.7,1.01
1207643,2026-07-02T19:45:25Z,8.83,-72.95,0.02,88.6,40.6,1,26.810655,-80.199830,24.70,0.07,12,5,0.95,4.09,89,9.6,1.7,1.01
1212661,2026-07-02T19:45:30Z,8.82,-72.94,0.01,88.7,40.7,1,26.810656,-80.199833,22.90,0.22,12,5,0.86,4.09,89,9.5,1.7,1.01
1217677,2026-07-02T19:45:35Z,8.52,-73.26,-0.02,88.7,40.6,1,26.810656,-80.199833,22.30,0.17,12,5,0.83,4.09,89,9.5,1.7,1.01
1222688,2026-07-02T19:45:40Z,8.04,-73.81,-0.05,88.8,40.6,1,26.810656,-80.199831,22.40,0.24,12,5,0.92,4.08,88,9.6,1.7,1.01
1227701,2026-07-02T19:45:45Z,8.65,-73.17,-0.02,88.9,40.6,1,26.810656,-80.199829,22.80,0.06,12,9,0.90,4.09,89,9.5,1.7,1.01
1232709,2026-07-02T19:45:50Z,8.64,-73.16,-0.00,89.0,40.8,1,26.810653,-80.199826,23.30,0.33,12,10,1.09,4.08,88,9.6,1.7,1.01
1237723,2026-07-02T19:45:55Z,8.52,-73.28,-0.01,89.0,40.9,1,26.810651,-80.199825,23.60,0.07,12,10,0.84,4.08,88,9.6,1.7,1.01
1242733,2026-07-02T19:46:00Z,8.54,-73.28,-0.01,89.1,40.9,1,26.810650,-80.199826,23.20,0.26,12,7,0.79,4.08,88,9.6,1.7,1.01
1247745,2026-07-02T19:46:05Z,8.44,-73.34,-0.01,89.2,40.8,1,26.810649,-80.199827,22.20,0.06,12,5,0.76,4.10,90,9.5,1.7,1.01
1252757,2026-07-02T19:46:10Z,8.39,-73.36,0.01,89.3,40.7,1,26.810651,-80.199825,24.10,0.04,12,5,0.76,4.09,89,9.6,1.7,1.01
1257765,2026-07-02T19:46:15Z,8.30,-73.49,-0.02,89.3,40.8,1,26.810649,-80.199825,23.90,0.15,12,4,0.79,4.07,87,9.5,1.7,1.01
1262773,2026-07-02T19:46:20Z,8.35,-73.40,0.01,89.4,40.8,1,26.810643,-80.199819,25.40,0.31,12,4,0.80,4.08,88,9.5,1.7,1.01
1267784,2026-07-02T19:46:25Z,8.24,-73.59,-0.04,89.4,40.7,1,26.810640,-80.199817,25.80,0.20,12,5,0.88,4.09,89,9.5,1.7,1.01
1272797,2026-07-02T19:46:30Z,8.05,-73.70,0.03,89.5,40.8,1,26.810635,-80.199814,25.10,0.85,12,5,0.90,4.09,89,9.6,1.7,1.01
1277808,2026-07-02T19:46:35Z,8.41,-73.37,-0.00,89.6,40.7,1,26.810626,-80.199812,24.00,0.17,12,5,1.03,4.08,88,9.6,1.7,1.01
1282823,2026-07-02T19:46:40Z,8.63,-73.18,0.01,89.7,40.8,1,26.810622,-80.199812,23.20,0.35,12,6,0.91,4.08,88,9.6,1.7,1.01
1287836,2026-07-02T19:46:45Z,8.50,-73.28,-0.00,89.7,40.7,1,26.810621,-80.199810,22.70,0.33,12,6,0.82,4.08,88,9.6,1.7,1.01
1292851,2026-07-02T19:46:50Z,8.65,-73.14,0.01,89.8,40.7,1,26.810619,-80.199808,21.50,0.28,12,6,0.96,4.08,88,9.6,1.7,1.01
1297863,2026-07-02T19:46:55Z,8.59,-73.19,-0.00,89.8,40.7,1,26.810618,-80.199806,20.40,0.31,12,6,0.96,4.10,90,9.6,1.7,1.01
1302871,2026-07-02T19:47:00Z,8.38,-73.39,0.01,89.9,40.7,1,26.810616,-80.199804,19.20,0.30,12,5,0.97,4.08,88,9.6,1.7,1.01
1307882,2026-07-02T19:47:05Z,8.55,-73.24,0.00,90.0,40.8,1,26.810616,-80.199803,18.30,0.19,12,5,0.88,4.09,89,9.6,1.7,1.01
1312895,2026-07-02T19:47:10Z,8.32,-73.41,0.04,90.0,40.7,1,26.810615,-80.199803,17.50,0.15,12,11,0.80,4.08,88,9.6,1.7,1.01
1317909,2026-07-02T19:47:15Z,8.27,-73.53,-0.02,90.1,40.8,1,26.810613,-80.199803,16.80,0.24,12,4,0.85,4.09,89,9.5,1.7,1.01
1322915,2026-07-02T19:47:20Z,8.28,-73.48,-0.01,90.2,40.9,1,26.810618,-80.199809,16.90,0.20,12,10,1.03,4.08,88,9.6,1.7,1.01
1327924,2026-07-02T19:47:25Z,8.30,-73.48,-0.00,90.2,41.0,1,26.810617,-80.199810,17.80,0.24,12,5,0.74,4.08,88,9.5,1.7,1.01
1332940,2026-07-02T19:47:31Z,8.27,-73.51,0.00,90.3,41.0,1,26.810616,-80.199808,18.20,0.11,12,5,0.81,4.08,88,9.5,1.7,1.01
1337947,2026-07-02T19:47:36Z,8.48,-73.25,0.03,90.3,40.9,1,26.810616,-80.199809,17.90,0.33,12,6,0.81,4.09,89,9.6,1.7,1.01
1342958,2026-07-02T19:47:41Z,8.42,-73.37,-0.01,90.4,40.9,1,26.810620,-80.199813,17.70,0.11,12,6,0.81,4.08,88,9.5,1.7,1.01
1347968,2026-07-02T19:47:46Z,8.55,-73.22,0.01,90.5,41.0,1,26.810624,-80.199819,17.70,0.09,12,6,1.03,4.08,88,9.6,1.7,1.01
1352975,2026-07-02T19:47:51Z,8.60,-73.20,-0.01,90.5,41.1,1,26.810628,-80.199822,17.90,0.22,12,5,0.90,4.08,88,9.6,1.8,1.02
1357990,2026-07-02T19:47:56Z,8.71,-73.08,0.00,90.6,41.1,1,26.810631,-80.199824,17.80,0.19,12,6,0.90,4.08,88,9.6,1.7,1.01
1363011,2026-07-02T19:48:01Z,8.68,-73.09,0.02,90.6,41.2,1,26.810636,-80.199826,17.50,0.09,12,6,0.90,4.08,88,9.6,1.7,1.01
1368035,2026-07-02T19:48:06Z,8.71,-73.10,-0.00,90.7,41.2,1,26.810639,-80.199828,17.50,0.17,12,7,0.90,4.08,88,9.5,1.7,1.01
1373048,2026-07-02T19:48:11Z,8.72,-73.09,-0.01,90.8,41.3,1,26.810643,-80.199833,16.50,0.15,12,7,1.03,4.08,88,9.5,1.7,1.01
1378060,2026-07-02T19:48:16Z,8.79,-72.97,0.02,90.8,41.2,1,26.810646,-80.199840,15.30,0.24,12,8,0.92,4.08,88,9.5,1.7,1.01
1383066,2026-07-02T19:48:21Z,8.75,-73.05,-0.01,90.9,41.3,1,26.810646,-80.199840,13.80,0.33,12,8,0.83,4.09,89,9.6,1.7,1.01
1388077,2026-07-02T19:48:26Z,8.65,-73.14,-0.00,91.0,41.3,1,26.810643,-80.199838,13.40,0.30,12,5,0.83,4.08,88,9.5,1.7,1.01
1393088,2026-07-02T19:48:31Z,8.46,-73.33,-0.01,91.0,41.4,1,26.810637,-80.199835,13.70,0.04,12,5,0.76,4.08,88,9.5,1.7,1.01
1398094,2026-07-02T19:48:36Z,8.64,-73.13,0.01,91.1,41.4,1,26.810636,-80.199833,13.60,0.19,12,4,0.87,4.08,88,9.5,1.7,1.01
1403108,2026-07-02T19:48:41Z,8.88,-72.94,-0.00,91.1,41.5,1,26.810635,-80.199832,13.70,0.22,12,4,0.98,4.09,89,9.6,1.7,1.01
1408124,2026-07-02T19:48:46Z,8.75,-73.03,-0.00,91.2,41.5,1,26.810631,-80.199825,16.20,0.28,12,11,1.02,4.08,88,9.6,1.7,1.01
1413133,2026-07-02T19:48:51Z,8.73,-73.07,-0.02,91.3,41.6,1,26.810628,-80.199820,17.90,0.17,12,4,1.05,4.09,89,9.6,2.0,0.98
1418156,2026-07-02T19:48:56Z,8.76,-73.01,0.01,91.3,41.5,1,26.810625,-80.199815,20.10,0.24,12,4,1.05,4.08,88,9.7,1.8,0.99
1423169,2026-07-02T19:49:01Z,8.85,-72.92,0.01,91.4,41.6,1,26.810623,-80.199814,20.10,0.09,12,7,0.83,4.08,88,9.5,1.7,1.01
1428180,2026-07-02T19:49:06Z,8.55,-72.98,0.58,91.4,48.7,1,26.810620,-80.199815,19.10,0.17,12,5,0.75,4.08,88,9.9,1.8,1.01
1433196,2026-07-02T19:49:11Z,8.71,-73.06,-0.01,91.5,46.5,1,26.810620,-80.199815,18.90,0.22,12,5,0.71,4.09,89,9.7,1.6,1.01
1438202,2026-07-02T19:49:16Z,8.36,-73.44,-0.02,91.5,46.4,1,26.810620,-80.199815,18.70,0.11,12,5,0.87,4.08,88,9.7,1.6,1.01
1443217,2026-07-02T19:49:21Z,8.53,-73.30,-0.04,91.6,46.1,1,26.810621,-80.199814,19.40,0.15,12,4,0.83,4.08,88,8.9,0.7,1.07
1448226,2026-07-02T19:49:26Z,8.71,-73.04,0.01,91.7,45.3,1,26.810621,-80.199812,19.70,0.09,12,10,0.84,4.08,88,9.7,1.6,1.01
1453236,2026-07-02T19:49:31Z,8.79,-73.00,0.00,91.7,44.4,1,26.810621,-80.199811,20.70,0.19,12,5,0.79,4.09,89,9.8,1.6,1.01
1458244,2026-07-02T19:49:36Z,8.94,-72.84,0.02,91.8,44.2,1,26.810626,-80.199812,21.50,0.50,12,6,0.90,4.08,88,9.8,1.6,1.01
1463264,2026-07-02T19:49:41Z,8.83,-72.96,-0.01,91.9,43.9,1,26.810623,-80.199810,21.90,0.13,12,6,0.98,4.10,90,9.8,1.6,1.01
1468274,2026-07-02T19:49:46Z,8.74,-73.06,-0.00,92.0,43.8,1,26.810617,-80.199806,22.10,0.37,12,6,0.79,4.10,90,9.7,1.6,1.01
1473289,2026-07-02T19:49:51Z,8.58,-73.24,-0.03,92.0,43.7,1,26.810619,-80.199806,23.30,0.28,12,5,0.84,4.08,88,9.7,1.6,1.01
1478302,2026-07-02T19:49:56Z,8.57,-73.23,-0.02,92.1,43.8,1,26.810618,-80.199805,23.60,0.26,12,5,0.84,4.08,88,9.7,1.6,1.01
1483316,2026-07-02T19:50:01Z,8.42,-73.41,-0.04,92.1,43.8,1,26.810616,-80.199803,23.40,0.22,12,5,0.81,4.08,88,9.8,1.6,1.01
1488321,2026-07-02T19:50:06Z,8.74,-73.03,0.02,92.1,43.7,1,26.810613,-80.199802,23.70,0.39,12,5,0.85,4.08,88,9.8,1.6,1.01
1493341,2026-07-02T19:50:11Z,8.73,-73.07,-0.02,92.2,43.5,1,26.810610,-80.199800,23.80,0.22,12,5,0.89,4.09,89,9.7,1.6,1.01
1498361,2026-07-02T19:50:16Z,8.74,-73.09,-0.03,92.2,43.5,1,26.810610,-80.199800,24.00,0.07,12,5,0.86,4.08,88,9.8,1.6,1.01
1503370,2026-07-02T19:50:21Z,8.60,-73.21,-0.01,92.3,43.5,1,26.810612,-80.199803,24.20,0.20,12,5,0.82,4.08,88,9.7,1.6,1.01
1508386,2026-07-02T19:50:26Z,8.60,-73.18,-0.00,92.4,43.6,1,26.810616,-80.199804,24.40,0.31,12,5,0.82,4.07,87,9.7,1.6,1.01
1513400,2026-07-02T19:50:31Z,8.50,-73.29,-0.01,92.4,43.5,1,26.810620,-80.199806,24.80,0.09,12,5,0.79,4.08,88,9.8,1.6,1.01
1518415,2026-07-02T19:50:36Z,8.44,-73.33,0.00,92.4,43.5,1,26.810616,-80.199805,24.20,0.15,12,5,0.82,4.10,90,9.8,1.6,1.01
1523432,2026-07-02T19:50:41Z,8.78,-73.03,-0.00,92.5,43.5,1,26.810614,-80.199805,23.90,0.35,12,6,0.80,4.07,87,9.7,1.6,1.01
1528445,2026-07-02T19:50:46Z,8.87,-72.91,0.01,92.6,43.5,1,26.810616,-80.199807,23.50,0.09,12,5,0.90,4.07,87,9.8,1.6,1.01
1533453,2026-07-02T19:50:51Z,8.93,-72.83,0.03,92.6,43.6,1,26.810620,-80.199809,23.30,0.30,12,5,0.68,4.08,88,9.7,1.6,1.01
1538466,2026-07-02T19:50:56Z,8.91,-72.87,0.00,92.7,43.6,1,26.810636,-80.199823,21.30,0.11,12,5,0.67,4.08,88,9.8,1.6,1.01
1543478,2026-07-02T19:51:01Z,8.74,-73.03,-0.00,92.7,43.5,1,26.810635,-80.199823,20.80,0.26,12,6,0.68,4.08,88,9.7,1.6,1.01
1548488,2026-07-02T19:51:06Z,8.74,-73.03,0.00,92.8,43.6,1,26.810630,-80.199823,20.20,0.37,12,5,0.75,4.08,88,9.8,1.6,1.01
1553498,2026-07-02T19:51:11Z,8.89,-72.87,0.01,92.8,43.6,1,26.810629,-80.199824,20.00,0.04,12,5,0.69,4.08,88,9.8,1.6,1.01
1558516,2026-07-02T19:51:16Z,9.14,-72.66,-0.00,92.8,43.5,1,26.810631,-80.199825,20.40,0.30,12,5,0.78,4.09,89,9.7,1.6,1.01
1563530,2026-07-02T19:51:21Z,9.03,-72.74,-0.01,92.9,43.6,1,26.810633,-80.199824,21.10,0.26,12,5,0.87,4.08,88,9.8,1.6,1.01
1568534,2026-07-02T19:51:26Z,9.03,-72.72,0.02,93.0,43.5,1,26.810636,-80.199825,21.40,0.20,12,10,0.70,4.07,87,9.8,1.6,1.01
1573556,2026-07-02T19:51:31Z,9.18,-72.66,-0.02,93.0,43.5,1,26.810634,-80.199825,21.10,0.09,12,10,0.80,4.09,89,9.8,1.6,1.01
1578586,2026-07-02T19:51:36Z,9.23,-72.55,-0.00,93.1,43.6,1,26.810633,-80.199825,21.20,0.26,12,5,0.69,4.07,87,9.8,1.6,1.01
1583605,2026-07-02T19:51:41Z,9.07,-72.70,-0.01,93.1,43.6,1,26.810627,-80.199822,21.10,0.24,12,5,0.73,4.09,89,9.7,1.6,1.01
1588636,2026-07-02T19:51:46Z,9.00,-72.77,-0.01,93.1,43.6,1,26.810625,-80.199820,21.60,0.26,12,5,0.81,4.08,88,9.7,1.6,1.01
1593669,2026-07-02T19:51:51Z,9.24,-72.49,0.03,93.2,43.6,1,26.810624,-80.199820,19.50,0.09,12,5,0.76,4.07,87,9.8,1.6,1.01
1598706,2026-07-02T19:51:56Z,9.15,-72.66,-0.02,93.2,43.6,1,26.810627,-80.199821,18.70,0.37,12,9,0.81,4.09,89,9.7,1.6,1.01
1603745,2026-07-02T19:52:01Z,8.82,-73.00,-0.03,93.3,43.7,1,26.810623,-80.199821,16.80,0.59,12,9,0.98,4.07,87,9.7,1.6,1.02
1608778,2026-07-02T19:52:06Z,9.26,-72.54,-0.01,93.3,43.6,1,26.810623,-80.199821,15.50,0.22,12,6,1.00,4.08,88,9.7,1.6,1.01
1613799,2026-07-02T19:52:11Z,9.24,-72.53,0.01,93.4,43.6,1,26.810625,-80.199821,14.90,0.67,12,5,0.70,4.08,88,9.8,1.6,1.01
1618821,2026-07-02T19:52:16Z,9.23,-72.57,-0.01,93.4,43.7,1,26.810629,-80.199825,13.90,0.48,12,5,0.73,4.08,88,9.7,1.6,1.01
1623835,2026-07-02T19:52:21Z,9.19,-72.62,-0.00,93.5,43.7,1,26.810636,-80.199826,14.30,0.22,12,9,0.77,4.08,88,9.7,1.6,1.01
1628860,2026-07-02T19:52:26Z,9.23,-72.53,0.01,93.5,43.7,1,26.810638,-80.199826,14.90,0.15,12,5,0.80,4.08,88,9.8,1.6,1.01
1633872,2026-07-02T19:52:31Z,9.23,-72.53,0.03,93.6,43.7,1,26.810638,-80.199826,15.90,0.44,12,5,0.82,4.09,89,9.8,1.6,1.01
1638890,2026-07-02T19:52:36Z,9.44,-72.38,-0.04,93.6,43.7,1,26.810633,-80.199825,16.40,0.15,12,6,0.78,4.07,87,9.8,1.6,1.01
1643902,2026-07-02T19:52:41Z,9.27,-72.55,-0.03,93.6,43.8,1,26.810627,-80.199824,16.70,0.52,12,5,0.77,4.08,88,9.8,1.6,1.01
1648915,2026-07-02T19:52:46Z,9.35,-72.42,0.01,93.8,43.7,1,26.810623,-80.199823,16.80,0.22,12,5,1.13,4.08,88,9.7,1.6,1.01
1653934,2026-07-02T19:52:52Z,9.55,-72.22,0.01,93.8,43.9,1,26.810616,-80.199821,16.20,0.37,12,9,0.95,4.08,88,9.8,1.6,1.01
1658942,2026-07-02T19:52:57Z,9.80,-72.00,0.01,93.8,43.9,1,26.810614,-80.199821,16.10,0.63,12,9,0.93,4.07,87,9.7,1.6,1.01
1663958,2026-07-02T19:53:02Z,9.91,-71.90,0.01,93.9,43.9,1,26.810612,-80.199821,16.20,0.33,12,6,0.85,4.08,88,9.7,1.6,1.01
1668968,2026-07-02T19:53:07Z,10.07,-71.75,-0.01,93.9,43.8,1,26.810610,-80.199822,15.80,0.11,12,6,0.85,4.08,88,9.8,1.6,1.01
1673971,2026-07-02T19:53:12Z,10.07,-71.70,0.02,93.9,43.9,1,26.810612,-80.199825,16.40,0.06,12,6,0.89,4.07,87,9.7,1.6,1.01
1678974,2026-07-02T19:53:17Z,9.83,-71.98,-0.02,94.0,43.9,1,26.810620,-80.199829,17.00,0.19,12,6,0.85,4.08,88,9.8,1.6,1.01
1683987,2026-07-02T19:53:22Z,9.64,-72.14,-0.01,94.1,43.9,1,26.810625,-80.199831,17.60,0.22,12,5,0.96,4.08,88,9.7,1.6,1.01
1688997,2026-07-02T19:53:27Z,9.49,-72.30,-0.00,94.1,43.9,1,26.810630,-80.199833,18.60,0.20,12,6,0.77,4.07,87,9.8,1.6,1.01
1694005,2026-07-02T19:53:32Z,9.52,-72.26,-0.01,94.1,43.9,1,26.810633,-80.199833,19.10,0.09,12,10,0.73,4.08,88,9.8,1.6,1.01
1699038,2026-07-02T19:53:37Z,9.53,-72.29,-0.02,94.3,43.8,1,26.810632,-80.199831,19.10,0.13,12,5,0.86,4.07,87,9.8,1.6,1.01
1704065,2026-07-02T19:53:42Z,9.67,-72.10,0.01,94.3,43.9,1,26.810633,-80.199831,19.40,0.11,12,5,0.86,4.07,87,9.8,1.6,1.01
1709081,2026-07-02T19:53:47Z,10.11,-71.97,-0.37,94.3,43.9,1,26.810634,-80.199831,19.70,0.39,12,5,0.82,4.07,87,9.7,1.4,1.01
1714116,2026-07-02T19:53:52Z,7.93,-73.95,-0.41,94.3,44.1,1,26.810639,-80.199836,18.60,0.67,12,10,0.81,4.08,88,11.0,-3.3,1.02
1719151,2026-07-02T19:53:57Z,10.01,-71.76,0.04,94.4,44.6,1,26.810644,-80.199838,16.60,0.50,12,5,0.79,4.08,88,12.8,-2.7,1.01
1724167,2026-07-02T19:54:02Z,9.87,-71.94,-0.03,94.4,44.5,1,26.810653,-80.199790,13.90,5.41,12,9,0.70,4.08,88,9.2,-3.6,1.01
1729193,2026-07-02T19:54:07Z,10.10,-71.63,0.03,94.4,45.2,1,26.810697,-80.199738,12.50,10.78,12,6,0.71,4.07,87,11.4,2.2,0.97
1734200,2026-07-02T19:54:12Z,9.05,-72.73,-0.00,94.5,45.4,1,26.810818,-80.199801,10.40,12.35,12,5,0.65,4.08,88,16.2,4.5,1.08
1739237,2026-07-02T19:54:17Z,9.85,-71.94,-0.02,94.6,45.1,1,26.810859,-80.199990,10.60,12.63,12,9,0.61,4.07,87,10.3,-2.9,0.97
1744254,2026-07-02T19:54:22Z,9.23,-72.57,-0.02,94.5,44.4,1,26.810883,-80.200136,9.90,6.15,12,4,0.61,4.07,87,6.5,-2.6,1.05
1749264,2026-07-02T19:54:27Z,10.36,-71.20,0.17,94.5,43.3,1,26.810929,-80.200232,8.60,19.15,12,5,0.61,4.08,88,17.9,-23.0,1.03
1754270,2026-07-02T19:54:32Z,12.56,-69.26,-0.12,94.5,43.0,1,26.811337,-80.200247,7.80,34.26,12,5,0.68,4.08,88,7.6,5.3,1.01
1759283,2026-07-02T19:54:37Z,13.03,-68.52,0.15,94.6,42.8,1,26.811668,-80.200445,8.40,36.28,12,5,0.84,4.07,87,21.5,10.7,1.03
1764288,2026-07-02T19:54:42Z,18.15,-63.41,0.13,94.5,42.6,1,26.811741,-80.201119,9.00,58.08,12,4,0.70,4.08,88,55.9,1.6,1.07
1769296,2026-07-02T19:54:47Z,20.27,-61.86,0.01,94.5,43.1,1,26.811763,-80.202020,7.10,67.12,12,11,0.72,4.08,88,38.5,-11.8,0.98
1774312,2026-07-02T19:54:52Z,18.46,-63.10,0.02,94.6,42.6,1,26.811785,-80.202930,8.90,62.23,12,9,0.74,4.07,87,32.2,0.2,1.06
1779314,2026-07-02T19:54:57Z,17.84,-64.34,-1.24,94.6,42.9,1,26.811798,-80.203790,9.90,60.08,12,5,0.88,4.08,88,28.4,5.1,1.03
1784333,2026-07-02T19:55:02Z,13.43,-68.56,-0.16,94.5,38.7,1,26.811821,-80.204500,10.60,39.82,12,9,0.65,4.08,88,12.1,2.0,1.03
1789346,2026-07-02T19:55:07Z,13.19,-68.54,0.11,94.6,36.6,1,26.811837,-80.205016,10.00,38.00,12,4,0.66,4.07,87,21.0,5.4,1.01
1794381,2026-07-02T19:55:12Z,15.64,-66.22,-0.05,94.6,36.2,1,26.811850,-80.205680,9.70,56.73,12,5,0.72,4.08,88,22.4,1.3,0.99
1799398,2026-07-02T19:55:17Z,18.36,-63.18,0.21,94.4,35.2,1,26.811879,-80.206580,8.30,70.51,12,4,0.78,4.08,88,17.4,2.5,0.95
1804424,2026-07-02T19:55:22Z,20.37,-62.05,-0.40,94.3,34.5,1,26.811894,-80.207563,6.80,68.91,12,3,0.82,4.07,87,14.7,1.1,1.06
1809449,2026-07-02T19:55:27Z,19.97,-61.92,0.23,94.2,33.5,1,26.811917,-80.208533,5.90,70.02,12,4,0.74,4.07,87,15.7,1.3,0.96
1814483,2026-07-02T19:55:32Z,17.95,-63.33,0.29,94.3,33.7,1,26.811943,-80.209519,7.50,72.10,12,9,0.73,4.07,87,15.9,2.4,1.11
1819523,2026-07-02T19:55:37Z,18.30,-63.15,0.20,94.2,33.9,1,26.811973,-80.210539,8.00,75.08,12,6,0.77,4.07,87,17.4,2.8,1.07
1824524,2026-07-02T19:55:42Z,21.23,-60.79,-0.35,94.2,32.9,1,26.812003,-80.211586,7.40,77.10,12,6,0.87,4.07,87,16.1,2.8,1.06
1829525,2026-07-02T19:55:47Z,20.59,-61.17,0.09,94.2,32.8,1,26.812033,-80.212680,6.20,78.82,12,5,0.74,4.07,87,15.3,2.7,1.04
1834542,2026-07-02T19:55:52Z,22.37,-59.78,-0.33,93.8,31.9,1,26.812055,-80.213803,6.70,81.77,12,10,0.70,4.08,88,14.0,1.7,0.97
1839564,2026-07-02T19:55:57Z,22.71,-58.92,0.07,93.9,32.0,1,26.812079,-80.214929,6.30,79.10,12,5,0.78,4.07,87,14.0,1.9,1.03
1844592,2026-07-02T19:56:02Z,22.77,-59.21,0.03,93.7,31.1,1,26.812101,-80.216030,5.70,78.04,12,4,0.75,4.07,87,13.7,1.7,1.01
1849611,2026-07-02T19:56:07Z,19.76,-62.20,-0.20,93.6,31.6,1,26.812125,-80.217107,6.20,74.80,12,4,0.73,4.08,88,15.0,4.3,1.01
1854628,2026-07-02T19:56:12Z,25.33,-55.26,0.77,93.4,31.3,1,26.812144,-80.218167,6.80,76.75,12,3,0.70,4.07,87,16.6,3.3,1.08
1859644,2026-07-02T19:56:17Z,23.50,-58.47,-0.17,93.4,31.2,1,26.812166,-80.219203,7.90,71.86,12,4,0.74,4.07,87,13.4,2.9,1.03
1864665,2026-07-02T19:56:22Z,19.40,-62.49,-0.05,93.3,31.1,1,26.812184,-80.220123,8.70,59.17,12,4,0.65,4.07,87,11.9,2.8,1.09
1869679,2026-07-02T19:56:27Z,16.53,-65.47,-0.30,93.1,31.0,1,26.812193,-80.220878,8.70,51.76,12,9,0.65,4.08,88,15.9,0.3,1.03
1874679,2026-07-02T19:56:32Z,17.67,-64.16,0.07,93.0,30.6,1,26.812211,-80.221640,8.80,57.21,12,9,0.64,4.08,88,19.6,3.2,1.00
1879701,2026-07-02T19:56:37Z,19.27,-62.44,-0.01,92.8,30.4,1,26.812236,-80.222494,8.70,65.69,12,3,0.65,4.08,88,20.2,3.7,0.95
1884720,2026-07-02T19:56:42Z,21.60,-60.44,0.13,92.8,30.8,1,26.812265,-80.223497,8.80,74.88,12,5,0.73,4.07,87,16.6,2.0,1.05
1889741,2026-07-02T19:56:47Z,20.96,-60.63,0.13,92.6,30.3,1,26.812294,-80.224560,8.80,77.21,12,3,0.66,4.08,88,15.4,0.8,1.08
1894758,2026-07-02T19:56:52Z,20.18,-61.26,-0.13,92.5,30.5,1,26.812335,-80.225596,9.60,71.19,12,11,0.65,4.06,86,12.3,2.2,1.00
1899776,2026-07-02T19:56:57Z,17.95,-63.97,-0.00,92.4,30.6,1,26.812369,-80.226528,10.10,62.39,12,5,0.69,4.08,88,10.7,3.6,1.04
1904788,2026-07-02T19:57:02Z,14.87,-67.12,-0.05,92.3,30.6,1,26.812393,-80.227274,10.30,44.65,12,6,0.65,4.08,88,12.9,1.9,0.94
1909812,2026-07-02T19:57:07Z,12.68,-69.14,-0.15,91.9,30.5,1,26.812407,-80.227779,9.80,21.96,12,4,0.63,4.07,87,24.9,56.4,0.23
1914832,2026-07-02T19:57:12Z,12.97,-68.85,-0.06,92.1,32.4,1,26.812411,-80.227940,9.10,13.24,12,3,0.66,4.07,87,42.2,-11.2,1.00
1919842,2026-07-02T19:57:17Z,13.88,-67.87,-0.06,92.1,32.9,1,26.812419,-80.228309,9.30,39.00,12,4,0.64,4.08,88,-8.6,26.5,1.05
1924842,2026-07-02T19:57:22Z,17.52,-64.09,0.20,91.8,30.5,1,26.812419,-80.229030,10.20,60.82,12,5,0.63,4.08,88,-8.2,20.5,0.96
1929854,2026-07-02T19:57:27Z,18.02,-63.47,0.15,91.8,29.9,1,26.812400,-80.229953,10.10,66.39,12,5,0.63,4.07,87,-4.8,15.0,0.99
1934877,2026-07-02T19:57:32Z,18.46,-63.39,0.01,91.5,29.8,1,26.812361,-80.230885,10.00,69.75,12,4,0.65,4.08,88,-6.9,17.9,0.95
1939886,2026-07-02T19:57:37Z,22.37,-58.41,0.83,91.2,29.9,1,26.812308,-80.231900,9.50,73.02,12,5,0.71,4.07,87,-3.3,14.7,1.03
1944904,2026-07-02T19:57:42Z,19.44,-62.63,0.03,91.2,29.7,1,26.812264,-80.232950,9.00,76.58,12,5,0.65,4.07,87,-5.0,17.5,1.19
1949913,2026-07-02T19:57:47Z,18.94,-63.40,-0.54,91.2,29.6,1,26.812225,-80.234004,8.90,73.43,12,3,0.63,4.08,88,-6.5,12.8,0.97
1954928,2026-07-02T19:57:52Z,17.52,-64.82,-0.62,90.9,29.8,1,26.812193,-80.234981,8.30,66.84,12,4,0.71,4.07,87,-4.6,13.8,1.06
1959940,2026-07-02T19:57:58Z,13.25,-68.58,-0.17,90.5,29.9,1,26.812147,-80.235779,7.80,44.24,12,9,0.69,4.06,86,-0.3,9.1,1.01
1964944,2026-07-02T19:58:03Z,11.79,-70.00,-0.03,90.5,29.7,1,26.812113,-80.236275,7.50,28.91,12,9,0.71,4.07,87,-4.3,9.9,0.96
1969956,2026-07-02T19:58:08Z,11.25,-70.53,-0.01,90.4,30.1,1,26.812101,-80.236550,6.80,10.22,12,7,0.71,4.07,87,-4.5,9.2,1.03
1974977,2026-07-02T19:58:13Z,11.61,-70.17,-0.00,90.2,30.3,1,26.812099,-80.236615,7.20,2.19,12,7,0.69,4.09,89,-5.3,14.2,1.02
1979999,2026-07-02T19:58:18Z,11.62,-70.13,-0.01,90.1,30.4,1,26.812099,-80.236621,7.50,0.09,12,7,0.69,4.09,89,-5.4,16.0,1.02
1985021,2026-07-02T19:58:23Z,12.05,-69.74,0.02,89.7,30.1,1,26.812098,-80.236651,7.70,9.19,12,7,0.69,4.07,87,-6.6,27.1,0.97
1990024,2026-07-02T19:58:28Z,14.06,-67.56,0.17,89.7,30.3,1,26.812085,-80.236996,7.80,38.50,12,7,0.69,4.06,86,-5.9,22.8,1.06
1995036,2026-07-02T19:58:33Z,15.64,-65.87,0.06,89.5,30.2,1,26.812056,-80.237664,7.70,54.82,12,11,0.69,4.09,89,-4.9,20.2,0.84
2000043,2026-07-02T19:58:38Z,16.70,-64.76,0.21,89.3,29.8,1,26.812022,-80.238538,7.40,66.89,12,9,0.63,4.07,87,-5.1,18.5,1.06
2005053,2026-07-02T19:58:43Z,18.38,-63.54,0.02,89.4,29.8,1,26.811979,-80.239501,7.20,69.51,12,9,0.63,4.07,87,-6.3,14.0,1.06
2010067,2026-07-02T19:58:48Z,17.50,-64.18,-0.08,89.2,30.1,1,26.811918,-80.240487,7.00,70.73,12,13,0.68,4.08,88,-5.8,15.4,1.02
2015086,2026-07-02T19:58:53Z,18.60,-63.06,0.06,89.1,29.9,1,26.811863,-80.241499,6.90,76.01,12,4,0.72,4.07,87,-6.3,17.5,0.90
2020101,2026-07-02T19:58:58Z,16.56,-65.20,0.18,89.2,29.7,1,26.811814,-80.242554,7.00,74.08,12,3,0.63,4.07,87,-5.6,13.9,0.99
2025108,2026-07-02T19:59:03Z,16.67,-65.26,-0.25,89.0,30.0,1,26.811774,-80.243572,6.90,69.91,12,5,0.65,4.08,88,-6.5,14.2,0.99
2030134,2026-07-02T19:59:08Z,16.48,-65.59,0.11,88.9,30.0,1,26.811729,-80.244505,7.10,62.30,12,5,0.66,4.07,87,-3.2,15.3,0.98
2035140,2026-07-02T19:59:13Z,15.79,-66.06,0.04,88.9,30.1,1,26.811709,-80.245328,6.40,56.12,12,5,0.69,4.07,87,-5.0,17.0,1.03
2040146,2026-07-02T19:59:18Z,19.01,-62.99,0.12,88.6,30.1,1,26.811704,-80.246148,6.40,59.76,12,9,0.74,4.07,87,-4.2,17.4,1.11
2045169,2026-07-02T19:59:23Z,20.28,-61.18,0.13,88.6,30.2,1,26.811713,-80.247029,6.70,66.17,12,7,0.69,4.07,87,-4.7,17.4,1.03
2050171,2026-07-02T19:59:28Z,21.76,-59.83,0.42,88.7,29.9,1,26.811725,-80.247985,6.50,68.34,12,7,0.69,4.07,87,-5.7,12.5,1.00
2055179,2026-07-02T19:59:33Z,20.61,-61.71,0.07,88.6,30.2,1,26.811727,-80.248926,7.30,65.41,12,8,0.75,4.08,88,-4.9,14.9,0.88
2060188,2026-07-02T19:59:38Z,21.69,-59.86,0.18,88.6,30.3,1,26.811735,-80.249870,6.90,71.21,12,10,0.75,4.07,87,6.5,-18.6,1.47
2065188,2026-07-02T19:59:43Z,21.21,-59.79,0.29,88.9,31.5,1,26.811738,-80.250857,7.40,70.38,12,10,0.78,4.08,88,16.3,-1.7,0.95
2070188,2026-07-02T19:59:48Z,22.22,-60.00,-0.12,88.9,32.4,1,26.811756,-80.251853,7.00,70.93,12,6,0.78,4.08,88,14.1,1.1,0.99
2075199,2026-07-02T19:59:53Z,19.61,-62.16,-0.10,89.1,32.9,1,26.811761,-80.252791,6.10,65.43,12,9,0.80,4.07,87,14.6,-4.2,0.98
2080234,2026-07-02T19:59:58Z,19.63,-61.75,0.00,89.2,32.4,1,26.811768,-80.253727,5.70,65.82,12,9,0.76,4.07,87,15.1,-2.4,1.04
2085241,2026-07-02T20:00:03Z,22.35,-59.89,0.15,88.9,32.0,1,26.811777,-80.254680,5.10,71.01,12,9,0.78,4.06,86,-39.0,37.9,0.91
2090251,2026-07-02T20:00:08Z,23.41,-59.07,-0.20,86.7,28.2,1,26.811786,-80.255706,4.90,74.23,12,9,0.74,4.07,87,13.6,-54.7,1.01
2095255,2026-07-02T20:00:13Z,22.88,-59.24,-0.08,70.0,36.1,1,26.811820,-80.256758,4.10,73.86,12,8,0.75,4.07,87,1.9,-117.7,0.98
2100279,2026-07-02T20:00:18Z,23.31,-58.82,-0.19,71.2,45.4,1,26.811845,-80.257805,4.50,72.04,12,8,0.75,4.06,86,39.8,-20.6,0.99
2105292,2026-07-02T20:00:23Z,20.96,-60.79,-0.16,73.6,41.2,1,26.811856,-80.258803,4.60,68.69,12,7,0.74,4.07,87,-32.1,-3.4,0.99
2110319,2026-07-02T20:00:28Z,21.13,-60.20,0.13,75.1,41.6,1,26.811880,-80.259784,4.90,72.88,12,9,0.69,4.06,86,52.4,-24.5,0.98
2115349,2026-07-02T20:00:33Z,24.92,-56.70,0.23,76.2,43.2,1,26.811902,-80.260827,5.30,77.43,12,8,0.69,4.07,87,53.5,-9.3,0.93
2120376,2026-07-02T20:00:38Z,23.08,-59.28,-0.21,71.4,39.2,1,26.811929,-80.261930,5.10,77.47,12,10,0.64,4.07,87,-4.2,-115.9,0.97
2125376,2026-07-02T20:00:43Z,22.76,-59.09,-0.09,62.4,47.8,1,26.811941,-80.263042,3.90,78.01,12,5,0.74,4.07,87,-6.9,-115.7,0.91
2130398,2026-07-02T20:00:48Z,20.63,-61.58,-0.23,65.9,54.9,1,26.811948,-80.264063,4.40,71.45,12,6,0.63,4.07,87,36.0,4.7,1.07
2135398,2026-07-02T20:00:53Z,20.61,-61.04,0.31,67.8,52.6,1,26.811970,-80.265044,4.90,69.14,12,7,0.65,4.07,87,48.7,-1.2,0.89
2140400,2026-07-02T20:00:58Z,22.09,-59.79,-0.05,69.2,50.8,1,26.811990,-80.266055,5.70,74.43,12,7,0.74,4.08,88,18.1,2.6,1.18
2145400,2026-07-02T20:01:03Z,22.39,-59.44,-0.01,70.2,50.0,1,26.812016,-80.267103,6.70,74.10,12,7,0.75,4.07,87,24.1,-2.3,1.13
2150408,2026-07-02T20:01:08Z,19.29,-63.15,-0.48,71.0,48.8,1,26.812041,-80.268085,7.30,63.30,12,8,0.72,4.07,87,18.5,-5.9,1.04
2155408,2026-07-02T20:01:13Z,16.86,-64.72,0.13,71.7,46.8,1,26.812054,-80.268859,8.40,51.73,12,6,0.73,4.06,86,14.8,16.4,0.78
2160425,2026-07-02T20:01:18Z,18.93,-62.11,0.27,72.2,47.3,1,26.812064,-80.269607,8.40,56.86,12,5,0.73,4.07,87,11.6,-9.1,1.01
2165438,2026-07-02T20:01:23Z,21.79,-60.14,0.24,72.7,45.8,1,26.812069,-80.270501,8.60,69.08,12,7,0.70,4.07,87,47.8,3.5,1.04
2170449,2026-07-02T20:01:28Z,18.29,-63.62,-0.14,73.1,44.5,1,26.812076,-80.271438,7.30,65.86,12,7,0.69,4.07,87,-4.5,16.3,1.06
2175469,2026-07-02T20:01:33Z,19.92,-57.57,1.06,73.3,42.9,1,26.812077,-80.272353,7.40,62.95,12,7,0.69,4.07,87,-3.0,12.3,0.87
2180499,2026-07-02T20:01:38Z,19.36,-61.06,0.11,73.7,42.6,1,26.812074,-80.273227,8.30,63.45,12,6,0.69,4.08,88,-3.3,14.1,1.04
2185510,2026-07-02T20:01:43Z,19.46,-62.12,-0.05,74.0,42.0,1,26.812072,-80.274108,8.90,63.12,12,6,0.69,4.08,88,-2.4,16.6,1.00
2190522,2026-07-02T20:01:48Z,19.94,-61.90,-0.02,74.2,41.5,1,26.812067,-80.275058,9.60,65.91,12,6,0.69,4.07,87,-0.2,11.7,0.96
2195539,2026-07-02T20:01:53Z,16.78,-65.27,-0.22,74.5,41.6,1,26.812063,-80.275926,10.30,58.43,12,5,0.69,4.07,87,-3.0,10.9,1.03
2200550,2026-07-02T20:01:58Z,13.19,-68.79,-0.26,74.7,41.0,1,26.812064,-80.276615,10.70,39.71,12,9,0.69,4.07,87,-2.3,11.5,1.05
2205572,2026-07-02T20:02:03Z,11.52,-70.41,-0.10,74.9,40.5,1,26.812062,-80.277092,10.80,28.13,12,5,0.69,4.07,87,-3.9,5.3,0.94
2210596,2026-07-02T20:02:08Z,11.68,-71.52,0.09,75.1,40.8,1,26.812061,-80.277289,11.30,7.20,12,10,0.69,4.07,87,-2.3,16.7,0.98
2215598,2026-07-02T20:02:13Z,11.93,-69.44,0.18,75.3,40.6,1,26.812022,-80.277380,11.30,14.22,12,10,0.74,4.06,86,-7.6,19.3,1.16
2220625,2026-07-02T20:02:18Z,15.49,-66.08,0.20,75.6,40.2,1,26.811693,-80.277386,10.70,38.34,12,10,0.74,4.07,87,-0.9,19.3,1.00
2225643,2026-07-02T20:02:23Z,16.43,-65.28,-0.04,75.7,39.2,1,26.811151,-80.277355,9.90,47.28,12,4,0.69,4.06,86,-1.1,14.8,1.07
2230653,2026-07-02T20:02:28Z,17.04,-64.97,0.03,75.9,39.0,1,26.810572,-80.277320,9.50,46.47,12,12,0.69,4.06,86,2.1,17.8,0.97
2235675,2026-07-02T20:02:33Z,17.53,-64.38,0.01,76.1,39.5,1,26.809954,-80.277315,8.70,51.65,12,9,0.69,4.09,89,-2.3,17.5,1.00
2240686,2026-07-02T20:02:38Z,18.00,-63.56,0.12,76.3,39.1,1,26.809286,-80.277324,8.80,52.71,12,9,0.70,4.07,87,-1.9,13.7,0.99
2245700,2026-07-02T20:02:43Z,15.68,-66.29,-0.15,76.4,38.7,1,26.808640,-80.277340,8.30,47.02,12,5,0.70,4.08,88,-3.9,5.6,1.00
2250722,2026-07-02T20:02:48Z,14.47,-67.20,0.03,76.6,39.0,1,26.808132,-80.277339,8.40,38.97,12,4,0.70,4.07,87,-1.4,14.4,1.05
2255762,2026-07-02T20:02:53Z,16.19,-65.95,-0.09,76.7,38.7,1,26.807597,-80.277348,8.30,46.34,12,5,0.70,4.07,87,-1.7,16.1,1.07
2260782,2026-07-02T20:02:58Z,15.25,-66.87,-0.31,76.8,38.2,1,26.807005,-80.277363,8.30,46.36,12,7,0.69,4.07,87,-2.9,8.8,1.07
2265802,2026-07-02T20:03:03Z,11.62,-70.08,0.05,76.9,38.5,1,26.806603,-80.277342,7.80,18.09,12,6,0.69,4.07,87,-9.5,13.6,1.09
2270818,2026-07-02T20:03:08Z,13.33,-68.39,0.13,77.0,38.4,1,26.806527,-80.277118,7.10,24.63,12,6,0.69,4.06,86,0.2,21.0,1.10
2275844,2026-07-02T20:03:13Z,14.43,-67.47,0.03,77.2,38.1,1,26.806510,-80.276674,7.20,35.17,12,7,0.69,4.08,88,-2.0,13.8,1.03
2280877,2026-07-02T20:03:18Z,14.25,-67.80,-0.09,77.3,38.3,1,26.806495,-80.276183,7.90,33.61,12,7,0.70,4.08,88,1.1,12.4,0.88
2285879,2026-07-02T20:03:23Z,12.79,-69.10,-0.07,77.4,37.7,1,26.806481,-80.275730,7.70,31.97,12,7,0.69,4.06,86,-1.7,13.0,1.03
2290898,2026-07-02T20:03:28Z,14.54,-67.06,0.17,77.4,37.3,1,26.806473,-80.275248,7.60,39.58,12,6,0.71,4.07,87,0.4,13.7,0.98
2295920,2026-07-02T20:03:33Z,14.64,-67.13,0.00,77.5,37.6,1,26.806456,-80.274706,7.90,37.50,12,4,0.70,4.07,87,0.9,15.1,0.94
2300950,2026-07-02T20:03:39Z,12.96,-68.77,-0.10,77.6,37.5,1,26.806441,-80.274202,7.80,33.71,12,10,0.69,4.08,88,0.6,16.8,1.13
2305971,2026-07-02T20:03:44Z,11.31,-70.68,-0.22,77.6,37.1,1,26.806431,-80.273766,7.70,26.67,12,10,0.70,4.07,87,0.0,9.4,0.98
2310985,2026-07-02T20:03:49Z,10.44,-71.25,0.01,77.8,37.6,1,26.806435,-80.273468,7.90,15.89,12,12,0.69,4.07,87,-6.0,11.0,1.08
2315998,2026-07-02T20:03:54Z,10.75,-70.98,0.06,77.8,37.7,1,26.806559,-80.273421,8.00,9.61,12,11,0.69,4.07,87,-1.9,15.7,0.98
2321034,2026-07-02T20:03:59Z,11.78,-69.83,0.27,77.9,37.5,1,26.806636,-80.273462,8.10,4.15,12,10,0.69,4.07,87,16.9,-1.0,1.14
